# local file	Figma source (temporary MCP asset URLs, valid about 7 days from 2026-10-05)
hero-bg.png	https://www.figma.com/api/mcp/asset/4a9b345c-6d93-402c-8856-1a901458c89e.png
logo.svg	https://www.figma.com/api/mcp/asset/29cea49d-becd-436c-b807-1be5d3153bdc/92470.svg
logo-footer.svg	https://www.figma.com/api/mcp/asset/29cea49d-becd-436c-b807-1be5d3153bdc/87298.svg
food-feature.png	https://www.figma.com/api/mcp/asset/29cea49d-becd-436c-b807-1be5d3153bdc/bdb25.png
kitchen-bg.png	https://www.figma.com/api/mcp/asset/27bb2a62-1e42-4311-a5c5-764bb4f7b92c.png
dish-board.png	https://www.figma.com/api/mcp/asset/29cea49d-becd-436c-b807-1be5d3153bdc/bc05a.png
dish-crab-cakes.png	https://www.figma.com/api/mcp/asset/29cea49d-becd-436c-b807-1be5d3153bdc/ea404.png
dish-burnt-end.png	https://www.figma.com/api/mcp/asset/29cea49d-becd-436c-b807-1be5d3153bdc/b4297.png
dish-beignets.png	https://www.figma.com/api/mcp/asset/29cea49d-becd-436c-b807-1be5d3153bdc/e2e79.png
night-late.png	https://www.figma.com/api/mcp/asset/29cea49d-becd-436c-b807-1be5d3153bdc/0092f.png
night-music.png	https://www.figma.com/api/mcp/asset/29cea49d-becd-436c-b807-1be5d3153bdc/5af6a.png
night-events.png	https://www.figma.com/api/mcp/asset/29cea49d-becd-436c-b807-1be5d3153bdc/f0813.png
space-parlor.png	https://www.figma.com/api/mcp/asset/03b26023-0ef8-4cfa-9584-d3d0df1a7b45.png
space-attic.png	https://www.figma.com/api/mcp/asset/4c7f9c5f-abe3-48e1-89ef-b85bcca4422d.png
space-atrium.png	https://www.figma.com/api/mcp/asset/c97d3939-395f-4c05-8001-dbe4f72c188c.png
space-social-hall.png	https://www.figma.com/api/mcp/asset/cc910458-6d17-481b-9461-6b2f3acfbaa2.png
space-grand-hall.png	https://www.figma.com/api/mcp/asset/29cea49d-becd-436c-b807-1be5d3153bdc/86bce.png
event-1.png	https://www.figma.com/api/mcp/asset/29cea49d-becd-436c-b807-1be5d3153bdc/53ec1.png
event-2.png	https://www.figma.com/api/mcp/asset/29cea49d-becd-436c-b807-1be5d3153bdc/dbd6f.png
event-3.png	https://www.figma.com/api/mcp/asset/29cea49d-becd-436c-b807-1be5d3153bdc/822b8.png
badge.png	https://www.figma.com/api/mcp/asset/29cea49d-becd-436c-b807-1be5d3153bdc/de0e2.png
star.png	https://www.figma.com/api/mcp/asset/29cea49d-becd-436c-b807-1be5d3153bdc/fa03b.png
ig-feed.png	https://www.figma.com/api/mcp/asset/29cea49d-becd-436c-b807-1be5d3153bdc/c2f5e.png
reserve-bg.png	https://www.figma.com/api/mcp/asset/29cea49d-becd-436c-b807-1be5d3153bdc/944f0.png
